{
  "4": {
    "classical": 4.512499999999999,
    "ideal": 4.6165898271214365,
    "noisy": 7.707128906250002,
    "thetas": [
      0.0,
      0.3183098861837907,
      0.05,
      0.30239439187460115,
      0.1,
      0.2864788975654116,
      0.15,
      0.2705634032562221,
      0.2,
      0.25464790894703254,
      0.25,
      0.238732414637843,
      0.3,
      0.22281692032865347,
      0.35,
      0.20690142601946396,
      0.4,
      0.1909859317102744,
      0.45,
      0.17507043740108488,
      0.5,
      0.15915494309189535,
      0.55,
      0.14323944878270578,
      0.6,
      0.12732395447351627,
      0.65,
      0.11140846016432673,
      0.7,
      0.09549296585513722,
      0.75,
      0.07957747154594767,
      0.8,
      0.06366197723675812,
      0.85,
      0.04774648292756861,
      0.9,
      0.03183098861837906,
      0.95,
      0.015915494309189548
    ],
    "timesteps": 20,
    "use_cobyla": false,
    "p1": 0.0001,
    "p2": 0.001,
    "n_shots": 2048
  },
  "6": {
    "classical": 12.780625,
    "ideal": 12.8760632353268,
    "noisy": 20.602861328124714,
    "thetas": [
      0.0,
      0.3183098861837907,
      0.05,
      0.30239439187460115,
      0.1,
      0.2864788975654116,
      0.15,
      0.2705634032562221,
      0.2,
      0.25464790894703254,
      0.25,
      0.238732414637843,
      0.3,
      0.22281692032865347,
      0.35,
      0.20690142601946396,
      0.4,
      0.1909859317102744,
      0.45,
      0.17507043740108488,
      0.5,
      0.15915494309189535,
      0.55,
      0.14323944878270578,
      0.6,
      0.12732395447351627,
      0.65,
      0.11140846016432673,
      0.7,
      0.09549296585513722,
      0.75,
      0.07957747154594767,
      0.8,
      0.06366197723675812,
      0.85,
      0.04774648292756861,
      0.9,
      0.03183098861837906,
      0.95,
      0.015915494309189548
    ],
    "timesteps": 20,
    "use_cobyla": false,
    "p1": 0.0001,
    "p2": 0.001,
    "n_shots": 2048
  },
  "8": {
    "classical": 22.552566964285738,
    "ideal": 22.72925283595539,
    "noisy": 35.883049665178206,
    "thetas": [
      0.0,
      0.3183098861837907,
      0.05,
      0.30239439187460115,
      0.1,
      0.2864788975654116,
      0.15,
      0.2705634032562221,
      0.2,
      0.25464790894703254,
      0.25,
      0.238732414637843,
      0.3,
      0.22281692032865347,
      0.35,
      0.20690142601946396,
      0.4,
      0.1909859317102744,
      0.45,
      0.17507043740108488,
      0.5,
      0.15915494309189535,
      0.55,
      0.14323944878270578,
      0.6,
      0.12732395447351627,
      0.65,
      0.11140846016432673,
      0.7,
      0.09549296585513722,
      0.75,
      0.07957747154594767,
      0.8,
      0.06366197723675812,
      0.85,
      0.04774648292756861,
      0.9,
      0.03183098861837906,
      0.95,
      0.015915494309189548
    ],
    "timesteps": 20,
    "use_cobyla": false,
    "p1": 0.0001,
    "p2": 0.001,
    "n_shots": 2048
  },
  "10": {
    "classical": 32.8556640625,
    "ideal": 33.54463551267666,
    "noisy": 52.052001953125014,
    "thetas": [
      0.0,
      0.3183098861837907,
      0.05,
      0.30239439187460115,
      0.1,
      0.2864788975654116,
      0.15,
      0.2705634032562221,
      0.2,
      0.25464790894703254,
      0.25,
      0.238732414637843,
      0.3,
      0.22281692032865347,
      0.35,
      0.20690142601946396,
      0.4,
      0.1909859317102744,
      0.45,
      0.17507043740108488,
      0.5,
      0.15915494309189535,
      0.55,
      0.14323944878270578,
      0.6,
      0.12732395447351627,
      0.65,
      0.11140846016432673,
      0.7,
      0.09549296585513722,
      0.75,
      0.07957747154594767,
      0.8,
      0.06366197723675812,
      0.85,
      0.04774648292756861,
      0.9,
      0.03183098861837906,
      0.95,
      0.015915494309189548
    ],
    "timesteps": 20,
    "use_cobyla": false,
    "p1": 0.0001,
    "p2": 0.001,
    "n_shots": 2048
  }
}