{
  "4": {
    "classical": 10.450000000000001,
    "ideal": 4.9358947442642584,
    "noisy": 7.574148697404555,
    "thetas": [
      0.4585526079060504,
      0.3285793428089441,
      1.0892055774408675,
      0.18707884515456674
    ],
    "p_layers": 2,
    "p1": 0.001,
    "p2": 0.01,
    "n_traj": 2048
  },
  "6": {
    "classical": 15.75,
    "ideal": 7.003833230957685,
    "noisy": 12.947292825410365,
    "thetas": [
      0.5085148927157646,
      0.22267406703587697,
      1.1598297560277357,
      0.1347347262038316
    ],
    "p_layers": 2,
    "p1": 0.001,
    "p2": 0.01,
    "n_traj": 2048
  },
  "8": {
    "classical": 21.09999999999995,
    "ideal": 10.864812244218818,
    "noisy": 19.671762286858957,
    "thetas": [
      0.023311475419872718,
      0.7100522281709617,
      0.9642900942353854,
      0.14813574769383384
    ],
    "p_layers": 2,
    "p1": 0.001,
    "p2": 0.01,
    "n_traj": 2048
  },
  "10": {
    "classical": 26.499999999999993,
    "ideal": 13.73755665617136,
    "noisy": 25.81361532542911,
    "thetas": [
      0.048697893336676894,
      0.764452977837258,
      1.0046445403444375,
      0.1247766999712687
    ],
    "p_layers": 2,
    "p1": 0.001,
    "p2": 0.01,
    "n_traj": 2048
  }
}