{
  "4": {
    "classical": 4.512499999999999,
    "ideal": 5.124242222952306,
    "noisy": 9.077809396437637,
    "thetas": [
      0.0,
      0.3183098861837907,
      0.25,
      0.238732414637843,
      0.5,
      0.15915494309189535,
      0.75,
      0.07957747154594767
    ],
    "timesteps": 4,
    "use_cobyla": false,
    "p1": 0.001,
    "p2": 0.01,
    "n_traj": 2048
  },
  "6": {
    "classical": 12.780625,
    "ideal": 14.273924426641935,
    "noisy": 16.05716521167098,
    "thetas": [
      0.0,
      0.3183098861837907,
      0.16666666666666666,
      0.26525823848649227,
      0.3333333333333333,
      0.21220659078919382,
      0.5,
      0.15915494309189535,
      0.6666666666666666,
      0.10610329539459691,
      0.8333333333333334,
      0.053051647697298435
    ],
    "timesteps": 6,
    "use_cobyla": false,
    "p1": 0.001,
    "p2": 0.01,
    "n_traj": 2048
  },
  "8": {
    "classical": 22.552566964285738,
    "ideal": 24.278542219308164,
    "noisy": 21.239178980363377,
    "thetas": [
      0.0,
      0.3183098861837907,
      0.125,
      0.2785211504108169,
      0.25,
      0.238732414637843,
      0.375,
      0.1989436788648692,
      0.5,
      0.15915494309189535,
      0.625,
      0.1193662073189215,
      0.75,
      0.07957747154594767,
      0.875,
      0.039788735772973836
    ],
    "timesteps": 8,
    "use_cobyla": false,
    "p1": 0.001,
    "p2": 0.01,
    "n_traj": 2048
  },
  "10": {
    "classical": 32.8556640625,
    "ideal": 34.7649226650336,
    "noisy": 26.379940934419153,
    "thetas": [
      0.0,
      0.3183098861837907,
      0.1,
      0.2864788975654116,
      0.2,
      0.25464790894703254,
      0.3,
      0.22281692032865347,
      0.4,
      0.1909859317102744,
      0.5,
      0.15915494309189535,
      0.6,
      0.12732395447351627,
      0.7,
      0.09549296585513722,
      0.8,
      0.06366197723675812,
      0.9,
      0.03183098861837906
    ],
    "timesteps": 10,
    "use_cobyla": false,
    "p1": 0.001,
    "p2": 0.01,
    "n_traj": 2048
  }
}